{
    "total": 245,
    "daily": {
        "2025-06-22": 12,
        "2025-06-23": 2,
        "2025-06-24": 6,
        "2025-06-25": 17,
        "2025-06-26": 5,
        "2025-06-27": 20,
        "2025-06-28": 78,
        "2025-06-29": 44,
        "2025-07-01": 61
    },
    "countries": [],
    "browsers": {
        "Chrome": 243,
        "Other": 2
    },
    "devices": {
        "Desktop": 245
    },
    "hourly": {
        "17": 3,
        "18": 21,
        "9": 6,
        "19": 11,
        "20": 61,
        "12": 4,
        "21": 47,
        "22": 19,
        "7": 1,
        "8": 1,
        "11": 2,
        "14": 31,
        "15": 14,
        "16": 22,
        "23": 2
    },
    "referrers": {
        "localhost": 199
    }
}