{
    "api": {
        "rapidapi_key": "e76d1a5761mshe192078b0e9cc6fp1407cfjsnf0bc517583b3",
        "api_provider": "pinterest-video-downloader1",
        "debug_mode": true,
        "providers": {
            "pinterest-video-downloader1": {
                "enabled": true,
                "api_key": "4e95129c77msh450d4d435c7cbe1p1b6608jsna3349d7b7a56",
                "host": "pinterest-video-and-image-downloader.p.rapidapi.com",
                "endpoint": "",
                "rate_limit": 100,
                "priority": 0
            },
            "pinterest-downloader2": {
                "enabled": true,
                "api_key": "",
                "host": "",
                "endpoint": "",
                "rate_limit": 0,
                "priority": 0
            },
            "pinterest-video-api3": {
                "enabled": true,
                "api_key": "",
                "host": "",
                "endpoint": "",
                "rate_limit": 0,
                "priority": 0
            },
            "pinterest-download-api4": {
                "enabled": true,
                "api_key": "",
                "host": "",
                "endpoint": "",
                "rate_limit": 0,
                "priority": 0
            },
            "pinterest-media-api5": {
                "enabled": true,
                "api_key": "",
                "host": "",
                "endpoint": "",
                "rate_limit": 0,
                "priority": 0
            },
            "pinterestv6": {
                "enabled": true,
                "api_key": "",
                "host": "",
                "endpoint": "",
                "rate_limit": 0,
                "priority": 0
            },
            "pinsaver7": {
                "enabled": true,
                "api_key": "",
                "host": "",
                "endpoint": "",
                "rate_limit": 0,
                "priority": 0
            },
            "pinextractor8": {
                "enabled": true,
                "api_key": "",
                "host": "",
                "endpoint": "",
                "rate_limit": 0,
                "priority": 0
            }
        },
        "cache_enabled": false,
        "cache_duration": 3600
    },
    "posts": {
        "post_685ff8f33578f": {
            "title": "hjmm",
            "slug": "hjmmmbn",
            "content": "<p>mbnmb<\/p>",
            "tags": [
                "mbm"
            ],
            "category": "",
            "visibility": "public",
            "seo": {
                "meta_title": "",
                "meta_description": ""
            },
            "template": "default",
            "updated_at": "2025-06-29 15:33:06",
            "created_at": "2025-06-01"
        }
    },
    "ads": {
        "google_ads": {
            "enabled": false,
            "publisher_id": "ca-pub-XXXXXXXXXXXXXXXX",
            "ad_slot_top": "1234567890",
            "ad_slot_bottom": "0987654321",
            "ad_slot_sidebar": "1122334455",
            "ad_slot_in_article": "5566778899",
            "auto_ads_enabled": true,
            "client_id": "",
            "slots": {
                "header": "",
                "sidebar": "",
                "content": "",
                "footer": ""
            }
        },
        "ezoic_ads": {
            "enabled": false,
            "site_id": "",
            "script": ""
        },
        "ezoic": {
            "enabled": false,
            "site_id": "",
            "slots": {
                "header": "",
                "sidebar": "",
                "content": "",
                "footer": ""
            }
        },
        "custom": {
            "enabled": false,
            "slots": []
        }
    },
    "seo": {
        "title": "Pinterest Video Downloader - Download Videos & Images from Pinterest Free",
        "description": "Download Pinterest videos and images for free. Easy-to-use Pinterest video downloader - save videos to gallery on Android & iPhone. No watermark, HD quality, supports pin.it links.",
        "keywords": "pinterest video downloader, pinterest downloader, download video pinterest, pinterest video download, pinterest com download, pinterest video downloader app, download video from pinterest, pinterest download video, download pinterest images, pinterest photo download, how to download videos from pinterest, how to save videos from pinterest to gallery"
    },
    "articles": [],
    "pages": {
        "disclaimer": {
            "title": "Legal Disclaimer",
            "meta_title": "Legal Disclaimer - PinSave Pinterest Video Downloader",
            "meta_description": "Read our legal disclaimer regarding Pinterest content downloading and copyright information.",
            "meta_keywords": "pinsave disclaimer, pinterest downloader legal, copyright information",
            "content": "<div class='space-y-6'><h2 class='text-2xl font-bold mb-4'>Legal Disclaimer<\/h2><p class='text-gray-700'>PinSave.in is an independent tool designed to help users download publicly available content for personal use only. We do not host any copyrighted, pirated, or illegal content on our servers. All images and videos are fetched directly from Pinterest's publicly accessible Content Delivery Network (CDN) servers.<\/p><p class='text-gray-700'>We are not affiliated, associated, authorized, endorsed by, or in any way officially connected with Pinterest or any of its subsidiaries or affiliates. The name \"Pinterest\" and all related trademarks are the property of their respective owners.<\/p><p class='text-gray-700'>Users are solely responsible for ensuring that they comply with Pinterest's terms of service and copyright laws when downloading any content.<\/p><\/div>"
        },
        "privacy": {
            "title": "Privacy Policy",
            "content": "<h2>Privacy Policy<\/h2>\n<p>Your privacy is important to us...<\/p>",
            "meta_title": "Privacy Policy - PinSave Pinterest Video Downloader",
            "meta_description": "Read about how PinSave handles your data and protects your privacy when using our Pinterest video downloader tool.",
            "meta_keywords": "pinsave privacy policy, pinterest video downloader privacy, data protection"
        },
        "terms": {
            "title": "Terms of Service",
            "content": "<h2>Terms of Service<\/h2>\n<p>By using PinSave...<\/p>",
            "meta_title": "Terms of Service - PinSave Pinterest Video Downloader",
            "meta_description": "Read the Terms of Service for using PinSave, the free Pinterest video downloader tool.",
            "meta_keywords": "pinsave terms, pinterest video downloader terms, terms of service, pinterest video saver terms"
        },
        "faq": {
            "title": "Frequently Asked Questions",
            "content": "<h2>Frequently Asked Questions<\/h2>\n<p>Find answers to commonly asked questions about PinSave...<\/p>",
            "meta_title": "FAQ - PinSave Pinterest Video Downloader",
            "meta_description": "Frequently asked questions about using PinSave Pinterest video downloader. Learn how to download Pinterest videos easily.",
            "meta_keywords": "pinsave faq, pinterest video downloader help, how to download pinterest videos, pinterest video download guide"
        },
        "dmca": {
            "title": "DMCA Policy",
            "content": "<h2><i class=\"fas fa-gavel text-blue-600\"><\/i> DMCA Policy<\/h2>\n<p class=\"mb-6\">This Digital Millennium Copyright Act policy page is to comply with the DMCA and explain our copyright removal process.<\/p>\n\n<div class=\"space-y-6\">\n    <div>\n        <h3><i class=\"fas fa-shield-alt text-blue-500\"><\/i> Copyright Compliance<\/h3>\n        <p>PinSave respects the intellectual property rights of others and expects its users to do the same. In accordance with the Digital Millennium Copyright Act of 1998, we will respond expeditiously to claims of copyright infringement that are reported to our designated copyright agent.<\/p>\n    <\/div>\n\n    <div>\n        <h3><i class=\"fas fa-file-alt text-blue-500\"><\/i> DMCA Notice Requirements<\/h3>\n        <p>If you believe that your copyrighted work is being infringed, please provide our copyright agent with the following information:<\/p>\n        <ul class=\"list-disc pl-6 mt-2 space-y-2\">\n            <li>A physical or electronic signature of the copyright owner or authorized person<\/li>\n            <li>Identification of the copyrighted work claimed to have been infringed<\/li>\n            <li>Identification of the material that is claimed to be infringing and information reasonably sufficient to permit us to locate the material<\/li>\n            <li>Your contact information, including address, telephone number, and email<\/li>\n            <li>A statement that you have a good faith belief that use of the material is not authorized by the copyright owner, its agent, or the law<\/li>\n            <li>A statement that the information in the notification is accurate and, under penalty of perjury, that you are authorized to act on behalf of the copyright owner<\/li>\n        <\/ul>\n    <\/div>\n\n    <div>\n        <h3><i class=\"fas fa-envelope text-blue-500\"><\/i> Contact Our DMCA Agent<\/h3>\n        <p>You can submit your DMCA notice to our designated copyright agent at:<\/p>\n        <div class=\"bg-gray-50 p-4 rounded-lg mt-2\">\n            <p><strong>Email:<\/strong> dmca@pinsave.com<\/p>\n            <p><strong>Address:<\/strong> 123 Copyright Street, Digital City, DC 12345<\/p>\n        <\/div>\n    <\/div>\n\n    <div>\n        <h3><i class=\"fas fa-balance-scale text-blue-500\"><\/i> Counter-Notification<\/h3>\n        <p>If you believe your content was removed by mistake, you may file a counter-notification with the following information:<\/p>\n        <ul class=\"list-disc pl-6 mt-2 space-y-2\">\n            <li>Your physical or electronic signature<\/li>\n            <li>Identification of the material removed and its previous location<\/li>\n            <li>A statement under penalty of perjury that you have a good faith belief the material was removed by mistake<\/li>\n            <li>Your consent to jurisdiction of the federal court in your area<\/li>\n            <li>Your contact information<\/li>\n        <\/ul>\n    <\/div>\n\n    <div>\n        <h3><i class=\"fas fa-user-slash text-blue-500\"><\/i> Repeat Infringers<\/h3>\n        <p>We maintain a policy to terminate access for users who repeatedly infringe copyrights. Multiple DMCA notices may result in account termination.<\/p>\n    <\/div>\n\n    <div>\n        <h3><i class=\"fas fa-exclamation-circle text-blue-500\"><\/i> Disclaimer<\/h3>\n        <p>This is a simplified version of our DMCA policy. For legal purposes, please consult with a lawyer or legal professional. This policy may be updated without notice.<\/p>\n    <\/div>\n<\/div>",
            "meta_title": "DMCA Policy - PinSave Pinterest Video Downloader",
            "meta_description": "Read our DMCA Policy and learn about copyright infringement reporting procedures for PinSave Pinterest video downloader.",
            "meta_keywords": "pinsave dmca, pinterest video downloader dmca, copyright policy, dmca takedown"
        },
        "about": {
            "title": "About Us",
            "content": "<p>Welcome to PinSave, your go-to solution for downloading Pinterest videos without watermark.<\/p><p>Our mission is to provide a simple, fast, and reliable tool for saving Pinterest videos in high quality. Whether you need content for personal use, inspiration, or creative projects, PinSave makes it easy to download and save Pinterest videos.<\/p><p>Founded in 2023, PinSave has helped thousands of users download their favorite Pinterest videos hassle-free.<\/p>",
            "meta_title": "About Us - PinSave Pinterest Video Downloader",
            "meta_description": "Learn more about PinSave, the free online tool for downloading Pinterest videos without watermark in high quality.",
            "meta_keywords": "about pinsave, pinterest video downloader about, pinterest video saver"
        },
        "contact": {
            "title": "Contact Us",
            "content": "<p>Have questions or feedback about PinSave? We would love to hear from you!<\/p><p>For general inquiries, technical support, or feedback, please use the contact form below or email us directly.<\/p>",
            "email": "contact@example.com",
            "meta_title": "Contact Us - PinSave Pinterest Video Downloader",
            "meta_description": "Contact the PinSave team for support, feedback, or inquiries about our Pinterest video downloader tool.",
            "meta_keywords": "contact pinsave, pinterest video downloader support, pinterest video saver contact"
        }
    },
    "footer": {
        "copyright_text": " 2023 pinsave.in - All Rights Reserved",
        "disclaimer": "pinsave.in is an independent tool designed to help users download publicly available content for personal use only. We do not host any copyrighted, pirated, or illegal content on our servers. All images and videos are fetched directly from Pinterest's publicly accessible Content Delivery Network (CDN) servers. We are not affiliated, associated, authorized, endorsed by, or in any way officially connected with Pinterest or any of its subsidiaries or affiliates. The name 'Pinterest' and all related trademarks are the property of their respective owners.",
        "links": []
    },
    "menus": {
        "locations": {
            "top": [
                {
                    "title": "Home",
                    "url": "\/pinsave\/"
                },
                {
                    "title": "About",
                    "url": "\/pinsave\/pages\/about.php"
                },
                {
                    "title": "Blog",
                    "url": "\/pinsave\/blog.php"
                },
                {
                    "title": "FAQ",
                    "url": "\/pinsave\/pages\/faq.php"
                },
                {
                    "title": "Contact",
                    "url": "\/pinsave\/pages\/contact.php"
                }
            ],
            "footer": [
                {
                    "title": "About Us",
                    "url": "\/pinsave\/pages\/about.php"
                },
                {
                    "title": "Contact Us",
                    "url": "\/pinsave\/pages\/contact.php"
                },
                {
                    "title": "FAQ",
                    "url": "\/pinsave\/pages\/faq.php"
                },
                {
                    "title": "DMCA Policy",
                    "url": "\/pinsave\/pages\/dmca.php"
                },
                {
                    "title": "Privacy Policy",
                    "url": "\/pinsave\/pages\/privacy.php"
                },
                {
                    "title": "Terms of Service",
                    "url": "\/pinsave\/pages\/terms.php"
                }
            ],
            "sidebar": []
        }
    },
    "categories": {
        "": {
            "name": "Blog",
            "slug": "pinterest-downloader",
            "description": "",
            "updated_at": "2025-06-28 16:11:31"
        }
    }
}